1001,ABISM6EJ42@yahoo.com,AR,Finland
1002,URPCAXKXUS@gmail.com,ENG,India
1003,MSW8YQDA82@gmail.com,AR,Finland
1004,IYU3PUXSTK@fcih.edu.eg,ENG,Finland
1005,3R5WEP3FI2@yahoo.com,AR,Brazil
1006,BDBJHWUWOP@gmail.com,IT,Germany
1007,HTS2OYINM7@yahoo.com,FR,Denmark
1008,BZ0JM5PEE5@fcih.edu.eg,AR,Germany
1009,XTWB1XDA99@gmail.com,ENG,Kenya
1010,8SF4X97CUH@hotmail.com,AR,Japan
1011,WL1U3XV9ZL@hotmail.com,ENG,Finland
1012,T6ZDLK8H84@fcih.edu.eg,ENG,Germany
1013,68JZ8YR4LD@fcih.edu.eg,ENG,India
1014,MMENFH5JV4@hotmail.com,ENG,Hong-Kong
1015,08Q5S8JAUP@yahoo.com,SP,Canada
1016,JTG3NRXA46@yahoo.com,AR,Denmark
1017,81D5PXE0PK@hotmail.com,SP,Brazil
1018,S9UD7WZ42O@hotmail.com,AR,Finland
1019,6JS5RT24H8@hotmail.com,FR,Kenya
1020,XF0Y5H5MWD@yahoo.com,AR,Germany
1021,D0O2HY7T8P@gmail.com,AR,Germany
